"","Trial","correct","faceVal","houseVal","mult1House","mult2Face","summedVal","earnings","selection","rt","subject","finalEarnings","accuracy"
"4",1,1,-0.62,-0.82,1,1,-1.44,0,"['j']",8.15038772476692,1,32.88,0.87
"5",2,0,0.22,-0.94,1,1,-0.72,-0.72,"['f']",8.95017035696947,1,32.88,0.87
"6",3,1,0.24,-0.92,1,1,-0.68,-0.72,"['j']",1.4668638738749,1,32.88,0.87
"7",4,0,0.04,0.08,1,1,0.12,-0.84,"['j']",3.78368348609547,1,32.88,0.87
"8",5,1,0.6,0.3,1,1,0.9,0.06,"['f']",2.4835146869882,1,32.88,0.87
"9",6,1,0.98,0.92,1,1,1.9,1.96,"['f']",2.0170532917673,1,32.88,0.87
"10",7,1,0.94,-0.58,1,1,0.36,2.32,"['f']",1.78352623350656,1,32.88,0.87
"11",8,1,-0.42,-0.06,1,1,-0.48,2.32,"['j']",2.26689906326646,1,32.88,0.87
"12",9,0,0.38,-0.1,1,1,0.28,2.04,"['j']",4.33351367895921,1,32.88,0.87
"13",10,1,-0.04,0.94,1,1,0.9,2.94,"['f']",8.58369411622334,1,32.88,0.87
"14",11,1,1,-0.78,1,1,0.22,3.16,"['f']",3.15018281987977,1,32.88,0.87
"15",12,1,0.28,-0.98,1,1,-0.7,3.16,"['j']",2.45018336971407,1,32.88,0.87
"16",13,1,-0.22,-0.74,1,1,-0.96,3.16,"['j']",2.18337337959201,1,32.88,0.87
"17",14,1,-0.44,0.98,1,1,0.54,3.7,"['f']",3.63373562870765,1,32.88,0.87
"18",15,1,-1,0.16,1,1,-0.84,3.7,"['j']",1.90018712691381,1,32.88,0.87
"19",16,1,-0.8,-0.9,1,1,-1.7,3.7,"['j']",0.866864240431823,1,32.88,0.87
"20",17,1,-0.4,-0.32,1,1,-0.72,3.7,"['j']",1.2501764051467,1,32.88,0.87
"21",18,1,-0.06,-0.6,1,1,-0.66,3.7,"['j']",2.08374195180113,1,32.88,0.87
"22",19,1,-0.46,-0.8,1,1,-1.26,3.7,"['j']",0.683577001535014,1,32.88,0.87
"23",20,1,-0.16,0.8,1,1,0.64,4.34,"['f']",1.28373572034798,1,32.88,0.87
"24",21,1,0.84,-0.54,1,1,0.3,4.64,"['f']",1.10039349802719,1,32.88,0.87
"25",22,1,-0.76,0.6,1,1,-0.16,4.64,"['j']",2.2501628425689,1,32.88,0.87
"26",23,0,0.18,0.2,1,1,0.38,4.26,"['j']",1.96703743821308,1,32.88,0.87
"27",24,1,-0.02,0.82,1,1,0.8,5.06,"['f']",4.33351331240192,1,32.88,0.87
"28",25,1,0.46,0.34,1,1,0.8,5.86,"['f']",3.46686607321135,1,32.88,0.87
"29",26,1,-0.24,0.66,1,1,0.42,6.28,"['f']",5.48369906473272,1,32.88,0.87
"30",27,1,-0.6,-0.34,1,1,-0.94,6.28,"['j']",1.20018217840698,1,32.88,0.87
"31",28,1,-0.52,-0.24,1,1,-0.76,6.28,"['j']",2.13337695351402,1,32.88,0.87
"32",29,0,0.76,-0.86,1,1,-0.1,6.18,"['f']",0.983531731850235,1,32.88,0.87
"33",30,1,0.6,-0.04,1,1,0.56,6.74,"['f']",1.6003757200524,1,32.88,0.87
"34",31,1,0.58,0.8,1,1,1.38,8.12,"['f']",1.01703093184005,1,32.88,0.87
"35",32,1,0.6,0.96,1,1,1.56,9.68,"['f']",1.43353365626899,1,32.88,0.87
"36",33,1,-0.78,0,1,1,-0.78,9.68,"['j']",0.850178971038986,1,32.88,0.87
"37",34,1,0.74,0.14,1,1,0.88,10.56,"['f']",1.86707317743821,1,32.88,0.87
"38",35,1,-0.46,0.38,1,1,-0.08,10.56,"['j']",0.950204813249002,1,32.88,0.87
"39",36,1,-0.08,0.66,1,1,0.58,11.14,"['f']",2.78354859343199,1,32.88,0.87
"40",37,1,-0.98,0.36,1,1,-0.62,11.14,"['j']",2.90019812359787,1,32.88,0.87
"41",38,1,0.46,0.96,1,1,1.42,12.56,"['f']",1.18354639409517,1,32.88,0.87
"42",39,1,-0.88,-0.64,1,1,-1.52,12.56,"['j']",1.23355418341271,1,32.88,0.87
"43",40,1,-0.74,-0.88,1,1,-1.62,12.56,"['j']",1.01686451534806,1,32.88,0.87
"44",41,1,-0.8,0.44,1,1,-0.36,12.56,"['j']",0.833532190043115,1,32.88,0.87
"45",42,0,0.82,-1,1,1,-0.18,12.38,"['f']",3.78350204080198,1,32.88,0.87
"46",43,1,0.46,0.82,1,1,1.28,13.66,"['f']",2.93352577531186,1,32.88,0.87
"47",44,1,-0.6,-0.96,1,1,-1.56,13.66,"['j']",0.817087748044287,1,32.88,0.87
"48",45,0,0.32,0,1,1,0.32,13.34,"['j']",2.51706007305438,1,32.88,0.87
"49",46,1,0.64,-0.52,1,1,0.12,13.46,"['f']",9.13353017398549,1,32.88,0.87
"50",47,1,-0.18,-0.5,1,1,-0.68,13.46,"['j']",1.78338657561289,1,32.88,0.87
"51",48,1,0.78,-0.3,1,1,0.48,13.94,"['f']",1.58353686363444,1,32.88,0.87
"52",49,1,-1,-0.48,1,1,-1.48,13.94,"['j']",2.10037223776999,1,32.88,0.87
"53",50,1,-0.78,0.06,1,1,-0.72,13.94,"['j']",2.91684857015571,1,32.88,0.87
"54",51,1,0.86,-0.32,1,1,0.54,14.48,"['f']",1.91686726451917,1,32.88,0.87
"55",52,1,0.66,-0.42,1,1,0.24,14.72,"['f']",1.28372912233681,1,32.88,0.87
"56",53,0,-0.42,0.66,1,1,0.24,14.48,"['j']",5.6668598417582,1,32.88,0.87
"57",54,1,0.62,0.74,1,1,1.36,15.84,"['f']",1.83353328971316,1,32.88,0.87
"58",55,1,-0.34,0.64,1,1,0.3,16.14,"['f']",6.53351441207269,1,32.88,0.87
"59",56,1,0.32,0.78,1,1,1.1,17.24,"['f']",0.800195740985146,1,32.88,0.87
"60",57,1,-0.96,0.58,1,1,-0.38,17.24,"['j']",1.21686818091075,1,32.88,0.87
"61",58,1,0.94,-0.32,1,1,0.62,17.86,"['f']",1.65038644182096,1,32.88,0.87
"62",59,1,0.46,0.7,1,1,1.16,19.02,"['f']",0.800198306877064,1,32.88,0.87
"63",60,1,-0.9,0.3,1,1,-0.6,19.02,"['j']",3.00038744984886,1,32.88,0.87
"64",61,1,-0.56,-0.98,1,1,-1.54,19.02,"['j']",0.983380710717029,1,32.88,0.87
"65",62,1,-0.82,0.14,1,1,-0.68,19.02,"['j']",3.25039523916894,1,32.88,0.87
"66",63,1,0.22,1,1,1,1.22,20.24,"['f']",1.18353906297125,1,32.88,0.87
"67",64,0,-0.38,0.74,1,1,0.36,19.88,"['j']",2.08372289088038,1,32.88,0.87
"68",65,1,0.76,0.18,1,1,0.94,20.82,"['f']",2.5337365450996,1,32.88,0.87
"69",66,1,-0.54,-0.62,1,1,-1.16,20.82,"['j']",1.18352733317624,1,32.88,0.87
"70",67,1,0.96,0.84,1,1,1.8,22.62,"['f']",0.800200872770802,1,32.88,0.87
"71",68,0,0.74,-0.86,1,1,-0.12,22.5,"['f']",5.81706135599961,1,32.88,0.87
"72",69,1,0.54,0.6,1,1,1.14,23.64,"['f']",3.81685791733798,1,32.88,0.87
"73",70,0,-0.24,0.26,1,1,0.02,23.62,"['j']",2.13353347299199,1,32.88,0.87
"74",71,1,0.08,0.42,1,1,0.5,24.12,"['f']",1.38375679732599,1,32.88,0.87
"75",72,0,0.52,-0.84,1,1,-0.32,23.8,"['f']",6.18357022024611,1,32.88,0.87
"76",73,1,0.06,0.82,1,1,0.88,24.68,"['f']",3.06687120499737,1,32.88,0.87
"77",74,1,-0.64,-0.34,1,1,-0.98,24.68,"['j']",1.61708041691963,1,32.88,0.87
"78",75,1,0.22,-0.94,1,1,-0.72,24.68,"['j']",1.16685086113284,1,32.88,0.87
"79",76,1,0.66,0.34,1,1,1,25.68,"['f']",1.65024348492261,1,32.88,0.87
"80",77,1,0.7,0.7,1,1,1.4,27.08,"['f']",0.983545660983509,1,32.88,0.87
"81",78,1,-0.56,-0.44,1,1,-1,27.08,"['j']",1.05021855910309,1,32.88,0.87
"82",79,1,0.74,-0.4,1,1,0.34,27.42,"['f']",1.9667225664798,1,32.88,0.87
"83",80,1,-0.56,0.26,1,1,-0.3,27.42,"['j']",2.90021351895848,1,32.88,0.87
"84",81,1,0.94,0.94,1,1,1.88,29.3,"['f']",4.06686387387526,1,32.88,0.87
"85",82,1,-0.24,-0.68,1,1,-0.92,29.3,"['j']",4.63355125096314,1,32.88,0.87
"86",83,1,-0.02,0.14,1,1,0.12,29.42,"['f']",4.85038827460266,1,32.88,0.87
"87",84,1,0.14,0.04,1,1,0.18,29.6,"['f']",5.38371024469416,1,32.88,0.87
"88",85,1,0.68,0.28,1,1,0.96,30.56,"['f']",1.58373260461849,1,32.88,0.87
"89",86,1,-0.04,0.76,1,1,0.72,31.28,"['f']",1.3835676543531,1,32.88,0.87
"90",87,1,-0.64,0.86,1,1,0.22,31.5,"['f']",4.83352852448297,1,32.88,0.87
"91",88,1,0.44,0.8,1,1,1.24,32.74,"['f']",4.66688733346928,1,32.88,0.87
"92",89,1,-0.98,0.68,1,1,-0.3,32.74,"['j']",1.11707106973881,1,32.88,0.87
"93",90,1,1,-0.72,1,1,0.28,33.02,"['f']",1.45020206407753,1,32.88,0.87
"94",91,1,-0.02,-0.88,1,1,-0.9,33.02,"['j']",4.03369897309312,1,32.88,0.87
"95",92,1,-0.14,-0.26,1,1,-0.4,33.02,"['j']",7.70038983246559,1,32.88,0.87
"96",93,1,-0.3,-0.94,1,1,-1.24,33.02,"['j']",0.85019913162796,1,32.88,0.87
"97",94,1,0.34,-0.84,1,1,-0.5,33.02,"['j']",1.03374149360752,1,32.88,0.87
"98",95,1,-0.72,-0.56,1,1,-1.28,33.02,"['j']",0.816866348128315,1,32.88,0.87
"99",96,1,-0.36,-0.22,1,1,-0.58,33.02,"['j']",0.966860025035203,1,32.88,0.87
"100",97,1,-0.1,0.06,1,1,-0.04,33.02,"['j']",1.016717159775,1,32.88,0.87
"101",98,0,0.06,-0.2,1,1,-0.14,32.88,"['f']",8.40018511085509,1,32.88,0.87
"102",99,1,0,-0.52,1,1,-0.52,32.88,"['j']",0.933732146424518,1,32.88,0.87
"103",100,1,-0.9,0.64,1,1,-0.26,32.88,"['j']",0.916732371857506,1,32.88,0.87
"410",1,1,-0.64,0.78,1,1,0.14,0.14,"['f']",7.21690556963586,2,29.08,0.81
"510",2,1,-0.68,0.08,1,1,-0.6,0.14,"['j']",8.70022928087201,2,29.08,0.81
"610",3,0,0.04,-0.48,1,1,-0.44,-0.3,"['f']",1.95033054200758,2,29.08,0.81
"710",4,1,-0.7,-0.62,1,1,-1.32,-0.3,"['j']",2.50026813582372,2,29.08,0.81
"810",5,0,0.1,-0.42,1,1,-0.32,-0.62,"['f']",5.68341168471306,2,29.08,0.81
"910",6,1,-0.74,1,1,1,0.26,-0.36,"['f']",2.11692078171836,2,29.08,0.81
"104",7,1,-0.7,0.9,1,1,0.2,-0.16,"['f']",1.58367248941067,2,29.08,0.81
"111",8,1,-0.72,-0.44,1,1,-1.16,-0.16,"['j']",4.13361704779527,2,29.08,0.81
"121",9,1,-0.94,0.02,1,1,-0.92,-0.16,"['j']",2.96694873162414,2,29.08,0.81
"131",10,1,0.62,0.84,1,1,1.46,1.3,"['f']",1.00037535349838,2,29.08,0.81
"141",11,0,-0.62,0.6,1,1,-0.02,1.28,"['f']",5.40027015188025,2,29.08,0.81
"151",12,0,-0.26,-0.78,1,1,-1.04,0.24,"['f']",1.5001717315572,2,29.08,0.81
"161",13,0,0.18,-0.52,1,1,-0.34,-0.1,"['f']",5.40027381744221,2,29.08,0.81
"171",14,0,-0.18,-0.62,1,1,-0.8,-0.9,"['f']",2.08336219963167,2,29.08,0.81
"181",15,1,-0.24,-0.9,1,1,-1.14,-0.9,"['j']",1.60019024263966,2,29.08,0.81
"191",16,1,0.14,0.02,1,1,0.16,-0.74,"['f']",2.23358387446206,2,29.08,0.81
"201",17,1,0.72,0.42,1,1,1.14,0.4,"['f']",1.01684875343562,2,29.08,0.81
"211",18,1,0.2,0.32,1,1,0.52,0.92,"['f']",2.8668811020143,2,29.08,0.81
"221",19,1,0.82,0.42,1,1,1.24,2.16,"['f']",1.01689860507031,2,29.08,0.81
"231",20,1,1,0.88,1,1,1.88,4.04,"['f']",0.850281606763019,2,29.08,0.81
"241",21,1,0.6,0.7,1,1,1.3,5.34,"['f']",0.933584057740518,2,29.08,0.81
"251",22,0,-0.5,-0.88,1,1,-1.38,3.96,"['f']",2.81697154974609,2,29.08,0.81
"261",23,1,0.32,0.42,1,1,0.74,4.7,"['f']",1.0502849057666,2,29.08,0.81
"271",24,1,-0.56,-0.96,1,1,-1.52,4.7,"['j']",1.43357910923078,2,29.08,0.81
"281",25,1,-0.94,-0.18,1,1,-1.12,4.7,"['j']",2.4335563827517,2,29.08,0.81
"291",26,1,0.92,-0.88,1,1,0.04,4.74,"['f']",3.25031459681486,2,29.08,0.81
"301",27,1,0.62,0.52,1,1,1.14,5.88,"['f']",8.13353640543937,2,29.08,0.81
"311",28,1,0.26,0.7,1,1,0.96,6.84,"['f']",1.5669120760067,2,29.08,0.81
"321",29,1,0.26,-0.64,1,1,-0.38,6.84,"['j']",4.78361274075723,2,29.08,0.81
"331",30,0,0.88,-0.88,1,1,0,6.84,"['j']",1.31685223571913,2,29.08,0.81
"341",31,1,-0.74,-0.8,1,1,-1.54,6.84,"['j']",2.15024183541755,2,29.08,0.81
"351",32,1,0.04,0.26,1,1,0.3,7.14,"['f']",0.866883667906222,2,29.08,0.81
"361",33,1,-0.08,0.8,1,1,0.72,7.86,"['f']",1.6504795470828,2,29.08,0.81
"371",34,1,-0.22,0.58,1,1,0.36,8.22,"['f']",5.25020976175801,2,29.08,0.81
"381",35,1,-0.1,0.68,1,1,0.58,8.8,"['f']",0.850201697521697,2,29.08,0.81
"391",36,1,-0.38,0.5,1,1,0.12,8.92,"['f']",0.733625845143251,2,29.08,0.81
"401",37,1,-0.44,0.98,1,1,0.54,9.46,"['f']",1.05022222466869,2,29.08,0.81
"411",38,1,0.68,-0.16,1,1,0.52,9.98,"['f']",2.30001044684832,2,29.08,0.81
"421",39,0,-0.42,-0.22,1,1,-0.64,9.34,"['f']",4.25020756241793,2,29.08,0.81
"431",40,1,0.62,0.5,1,1,1.12,10.46,"['f']",0.783786488373153,2,29.08,0.81
"441",41,1,-0.04,0.56,1,1,0.52,10.98,"['f']",1.10039129868892,2,29.08,0.81
"451",42,1,-0.56,0.98,1,1,0.42,11.4,"['f']",2.13353787166488,2,29.08,0.81
"461",43,1,-0.96,0.78,1,1,-0.18,11.4,"['j']",1.8335457526191,2,29.08,0.81
"471",44,1,0.8,0.2,1,1,1,12.4,"['f']",1.60028444757336,2,29.08,0.81
"481",45,1,-0.38,1,1,1,0.62,13.02,"['f']",2.88364921309767,2,29.08,0.81
"491",46,1,0.64,0.52,1,1,1.16,14.18,"['f']",1.63355345030141,2,29.08,0.81
"501",47,1,0.1,0.22,1,1,0.32,14.5,"['f']",12.0169755818606,2,29.08,0.81
"511",48,1,0.76,-0.02,1,1,0.74,15.24,"['f']",1.93361118289613,2,29.08,0.81
"521",49,1,0.12,1,1,1,1.12,16.36,"['f']",0.533543003453815,2,29.08,0.81
"531",50,1,-0.2,0.72,1,1,0.52,16.88,"['f']",0.983543828202528,2,29.08,0.81
"541",51,1,-0.86,-0.34,1,1,-1.2,16.88,"['j']",1.18355519144461,2,29.08,0.81
"551",52,1,-0.58,-0.26,1,1,-0.84,16.88,"['j']",1.18359661228897,2,29.08,0.81
"561",53,0,-0.18,-0.06,1,1,-0.24,16.64,"['f']",1.36700481471416,2,29.08,0.81
"571",54,1,-0.24,-0.84,1,1,-1.08,16.64,"['j']",1.73360091932045,2,29.08,0.81
"581",55,1,-0.3,-0.64,1,1,-0.94,16.64,"['j']",1.26685470997108,2,29.08,0.81
"591",56,1,-0.98,-0.18,1,1,-1.16,16.64,"['j']",1.78351303748423,2,29.08,0.81
"601",57,1,-0.68,-0.5,1,1,-1.18,16.64,"['j']",0.933544469677145,2,29.08,0.81
"611",58,1,0.7,0.36,1,1,1.06,17.7,"['f']",0.783559223560587,2,29.08,0.81
"621",59,0,-0.9,0.52,1,1,-0.38,17.32,"['f']",2.85022222466432,2,29.08,0.81
"631",60,1,1,-0.52,1,1,0.48,17.8,"['f']",0.633550517854019,2,29.08,0.81
"641",61,0,-0.14,-0.54,1,1,-0.68,17.12,"['f']",1.23355894864289,2,29.08,0.81
"651",62,1,-0.98,-0.08,1,1,-1.06,17.12,"['j']",0.933443666734092,2,29.08,0.81
"661",63,1,-0.04,-0.84,1,1,-0.88,17.12,"['j']",2.18354529442513,2,29.08,0.81
"671",64,1,0.56,0,1,1,0.56,17.68,"['f']",0.700043436903798,2,29.08,0.81
"681",65,1,-0.42,-0.44,1,1,-0.86,17.68,"['j']",2.48361219092476,2,29.08,0.81
"691",66,1,0.8,0.66,1,1,1.46,19.14,"['f']",0.933568662381731,2,29.08,0.81
"701",67,1,-0.98,-0.86,1,1,-1.84,19.14,"['j']",0.933547035569063,2,29.08,0.81
"711",68,1,0.24,-0.24,1,1,0,19.14,"['f']",0.766859658480826,2,29.08,0.81
"721",69,1,0.92,-0.38,1,1,0.54,19.68,"['f']",8.20024412639395,2,29.08,0.81
"731",70,1,0.46,-0.04,1,1,0.42,20.1,"['f']",0.866898330154072,2,29.08,0.81
"741",71,1,0.46,0.14,1,1,0.6,20.7,"['f']",1.18355042621261,2,29.08,0.81
"751",72,1,-0.58,-0.84,1,1,-1.42,20.7,"['j']",0.81687111336214,2,29.08,0.81
"761",73,1,-0.02,0.34,1,1,0.32,21.02,"['f']",0.966710103570222,2,29.08,0.81
"771",74,1,-0.32,0.84,1,1,0.52,21.54,"['f']",2.85020462997272,2,29.08,0.81
"781",75,0,0.3,-0.56,1,1,-0.26,21.28,"['f']",1.33352320941776,2,29.08,0.81
"791",76,1,-0.36,0.4,1,1,0.04,21.32,"['f']",0.533555832917045,2,29.08,0.81
"801",77,1,-0.56,-0.06,1,1,-0.62,21.32,"['j']",1.36691354223512,2,29.08,0.81
"811",78,1,0.68,-0.08,1,1,0.6,21.92,"['f']",0.683567471074639,2,29.08,0.81
"821",79,1,-0.78,0.54,1,1,-0.24,21.92,"['j']",0.933393081984832,2,29.08,0.81
"831",80,0,-0.22,-0.28,1,1,-0.5,21.42,"['f']",0.766849761464982,2,29.08,0.81
"841",81,0,-0.22,-0.42,1,1,-0.64,20.78,"['f']",0.85022845612184,2,29.08,0.81
"851",82,1,-0.78,-0.6,1,1,-1.38,20.78,"['j']",0.816871479913971,2,29.08,0.81
"861",83,0,0.14,-0.6,1,1,-0.46,20.32,"['f']",3.51690355358005,2,29.08,0.81
"871",84,1,0.66,0.38,1,1,1.04,21.36,"['f']",0.800252557186468,2,29.08,0.81
"881",85,1,0.82,0.48,1,1,1.3,22.66,"['f']",0.850263278956845,2,29.08,0.81
"891",86,1,-0.2,1,1,1,0.8,23.46,"['f']",0.883532281681255,2,29.08,0.81
"901",87,1,0.76,-0.64,1,1,0.12,23.58,"['f']",1.28358359954291,2,29.08,0.81
"911",88,1,0.56,0.66,1,1,1.22,24.8,"['f']",0.666896130816895,2,29.08,0.81
"921",89,1,0.94,0.3,1,1,1.24,26.04,"['f']",0.483536680356337,2,29.08,0.81
"931",90,1,0.26,0,1,1,0.26,26.3,"['f']",0.733537138552492,2,29.08,0.81
"941",91,0,-0.42,0.06,1,1,-0.36,25.94,"['f']",2.6502145269842,2,29.08,0.81
"951",92,1,-0.86,0.36,1,1,-0.5,25.94,"['j']",0.950210311591945,2,29.08,0.81
"961",93,1,0.76,0.92,1,1,1.68,27.62,"['f']",0.450212327647023,2,29.08,0.81
"971",94,0,-0.46,0.26,1,1,-0.2,27.42,"['f']",0.900203621938999,2,29.08,0.81
"981",95,1,-0.14,-0.86,1,1,-1,27.42,"['j']",1.71689585589775,2,29.08,0.81
"991",96,0,-0.02,-0.46,1,1,-0.48,26.94,"['f']",1.60042667135713,2,29.08,0.81
"1001",97,1,0.34,-0.32,1,1,0.02,26.96,"['f']",0.716892556894891,2,29.08,0.81
"1011",98,1,0,-0.94,1,1,-0.94,26.96,"['j']",1.35019821523747,2,29.08,0.81
"1021",99,1,0.18,0.96,1,1,1.14,28.1,"['f']",1.51684820360242,2,29.08,0.81
"1031",100,1,0.7,0.28,1,1,0.98,29.08,"['f']",2.55019858179367,2,29.08,0.81
"412",1,1,-0.7,-0.32,1,1,-1.02,0,"['j']",12.862659595341,3,34.8,0.86
"512",2,0,0.32,-0.7,1,1,-0.38,-0.38,"['f']",21.3047563790806,3,34.8,0.86
"612",3,1,-0.18,-0.6,1,1,-0.78,-0.38,"['j']",2.26939023485284,3,34.8,0.86
"712",4,1,0.5,-0.1,1,1,0.4,0.02,"['f']",1.28527908471369,3,34.8,0.86
"812",5,1,0.2,-1,1,1,-0.8,0.02,"['j']",6.47362089163835,3,34.8,0.86
"912",6,1,-0.98,0.24,1,1,-0.74,0.02,"['j']",1.10159807919263,3,34.8,0.86
"105",7,0,-0.34,0.44,1,1,0.1,-0.08,"['j']",0.768000737940383,3,34.8,0.86
"112",8,1,-0.58,-0.28,1,1,-0.86,-0.08,"['j']",4.9883690289862,3,34.8,0.86
"122",9,1,0.74,1,1,1,1.74,1.66,"['f']",1.03452694758562,3,34.8,0.86
"132",10,1,0.04,0.64,1,1,0.68,2.34,"['f']",1.4854336435219,3,34.8,0.86
"142",11,1,0.62,0.46,1,1,1.08,3.42,"['f']",2.98680511257953,3,34.8,0.86
"152",12,0,0.86,-0.88,1,1,-0.02,3.4,"['f']",3.02010286092991,3,34.8,0.86
"162",13,1,0.54,-0.36,1,1,0.18,3.58,"['f']",6.90729926809945,3,34.8,0.86
"172",14,0,-0.74,0.98,1,1,0.24,3.34,"['j']",0.767775389753297,3,34.8,0.86
"182",15,1,-0.08,-0.52,1,1,-0.6,3.34,"['j']",2.2529644553797,3,34.8,0.86
"192",16,1,0.48,0.76,1,1,1.24,4.58,"['f']",1.21806072562686,3,34.8,0.86
"202",17,1,-0.96,0.8,1,1,-0.16,4.58,"['j']",1.13511035901502,3,34.8,0.86
"212",18,1,0.32,0.86,1,1,1.18,5.76,"['f']",5.28904450266054,3,34.8,0.86
"222",19,0,-0.88,0.88,1,1,0,5.76,"['j']",3.83783283551384,3,34.8,0.86
"232",20,0,0.12,-0.8,1,1,-0.68,5.08,"['f']",3.35382279159421,3,34.8,0.86
"242",21,1,0.78,0.76,1,1,1.54,6.62,"['f']",1.98566815586673,3,34.8,0.86
"252",22,1,0.76,0.7,1,1,1.46,8.08,"['f']",1.80226027234676,3,34.8,0.86
"262",23,1,-0.42,-0.36,1,1,-0.78,8.08,"['j']",1.15167795761226,3,34.8,0.86
"272",24,1,-0.22,-0.82,1,1,-1.04,8.08,"['j']",2.83652972207346,3,34.8,0.86
"282",25,0,-0.36,0.5,1,1,0.14,7.94,"['j']",2.90334756231823,3,34.8,0.86
"292",26,1,-0.22,-0.32,1,1,-0.54,7.94,"['j']",2.38622936298816,3,34.8,0.86
"302",27,1,0.6,0.82,1,1,1.42,9.36,"['f']",0.701175085623618,3,34.8,0.86
"312",28,1,0.06,0.8,1,1,0.86,10.22,"['f']",5.47232078284287,3,34.8,0.86
"322",29,1,-0.28,0.74,1,1,0.46,10.68,"['f']",10.2439547344602,3,34.8,0.86
"332",30,1,-0.16,0.72,1,1,0.56,11.24,"['f']",2.61989920626365,3,34.8,0.86
"342",31,1,0.96,-0.96,1,1,0,11.24,"['j']",1.55234222396939,3,34.8,0.86
"352",32,1,0.48,0.64,1,1,1.12,12.36,"['f']",1.18498832546175,3,34.8,0.86
"362",33,1,0.84,-0.78,1,1,0.06,12.42,"['f']",1.10185707937308,3,34.8,0.86
"372",34,1,0.82,-0.98,1,1,-0.16,12.42,"['j']",2.70315604640746,3,34.8,0.86
"382",35,1,0.14,0.76,1,1,0.9,13.32,"['f']",3.03688198635791,3,34.8,0.86
"392",36,1,-0.1,0.58,1,1,0.48,13.8,"['f']",2.25295874655785,3,34.8,0.86
"402",37,1,-0.2,-0.84,1,1,-1.04,13.8,"['j']",1.85235337119411,3,34.8,0.86
"413",38,1,0.62,0.58,1,1,1.2,15,"['f']",2.15287801181694,3,34.8,0.86
"422",39,1,-0.8,-0.08,1,1,-0.88,15,"['j']",0.951736728418837,3,34.8,0.86
"432",40,1,0.94,0.24,1,1,1.18,16.18,"['f']",1.23468150639565,3,34.8,0.86
"442",41,0,-0.44,0.84,1,1,0.4,15.78,"['j']",2.30291633603156,3,34.8,0.86
"452",42,1,0.42,-0.14,1,1,0.28,16.06,"['f']",1.76893277803538,3,34.8,0.86
"462",43,1,0.02,-0.6,1,1,-0.58,16.06,"['j']",2.35279430247647,3,34.8,0.86
"472",44,1,-0.36,0.22,1,1,-0.14,16.06,"['j']",2.85332056560583,3,34.8,0.86
"482",45,1,-0.8,0.48,1,1,-0.32,16.06,"['j']",2.41947663334759,3,34.8,0.86
"492",46,1,0.56,-0.08,1,1,0.48,16.54,"['f']",0.634403516873135,3,34.8,0.86
"502",47,0,0.26,-0.48,1,1,-0.22,16.32,"['f']",1.88573014164103,3,34.8,0.86
"513",48,1,0.36,0.14,1,1,0.5,16.82,"['f']",1.58549725180455,3,34.8,0.86
"522",49,1,-0.4,-0.14,1,1,-0.54,16.82,"['j']",0.868080270825885,3,34.8,0.86
"532",50,1,0.66,0.6,1,1,1.26,18.08,"['f']",1.21840175254692,3,34.8,0.86
"542",51,1,0.08,0.32,1,1,0.4,18.48,"['f']",2.28610836603548,3,34.8,0.86
"552",52,1,-0.64,-0.14,1,1,-0.78,18.48,"['j']",0.83462087271073,3,34.8,0.86
"562",53,1,0.92,-0.04,1,1,0.88,19.36,"['f']",1.56835216092441,3,34.8,0.86
"572",54,1,0.78,0.46,1,1,1.24,20.6,"['f']",0.918181482207729,3,34.8,0.86
"582",55,1,1,0.74,1,1,1.74,22.34,"['f']",1.2017319961069,3,34.8,0.86
"592",56,1,0.14,-0.8,1,1,-0.66,22.34,"['j']",3.1366874958494,3,34.8,0.86
"602",57,1,0.52,0.84,1,1,1.36,23.7,"['f']",1.60173824576486,3,34.8,0.86
"613",58,1,0.3,0.02,1,1,0.32,24.02,"['f']",1.45200879879485,3,34.8,0.86
"622",59,1,0.82,0.52,1,1,1.34,25.36,"['f']",0.7512216125142,3,34.8,0.86
"632",60,1,-0.56,-0.96,1,1,-1.52,25.36,"['j']",0.734507687830046,3,34.8,0.86
"642",61,1,-0.78,-0.4,1,1,-1.18,25.36,"['j']",0.767938541841431,3,34.8,0.86
"652",62,1,0.62,-0.38,1,1,0.24,25.6,"['f']",2.65319845693557,3,34.8,0.86
"662",63,1,0.74,0.44,1,1,1.18,26.78,"['f']",1.06834660233471,3,34.8,0.86
"672",64,1,0.94,-0.14,1,1,0.8,27.58,"['f']",1.23507811920172,3,34.8,0.86
"682",65,1,0.5,-0.86,1,1,-0.36,27.58,"['j']",1.23505798809674,3,34.8,0.86
"692",66,1,0.64,0.8,1,1,1.44,29.02,"['f']",1.3017475301076,3,34.8,0.86
"702",67,0,0.86,-0.56,1,1,0.3,28.72,"['j']",5.88958389607797,3,34.8,0.86
"713",68,0,0.58,-0.84,1,1,-0.26,28.46,"['f']",3.43673590063918,3,34.8,0.86
"722",69,1,0.38,-0.7,1,1,-0.32,28.46,"['j']",1.40172190050907,3,34.8,0.86
"732",70,1,0,0.26,1,1,0.26,28.72,"['f']",3.83770603960147,3,34.8,0.86
"742",71,1,-0.94,-0.14,1,1,-1.08,28.72,"['j']",0.901332348612414,3,34.8,0.86
"752",72,1,-0.1,0.16,1,1,0.06,28.78,"['f']",3.50395125508294,3,34.8,0.86
"762",73,1,0.98,-0.46,1,1,0.52,29.3,"['f']",0.918120788430315,3,34.8,0.86
"772",74,1,-0.92,-0.66,1,1,-1.58,29.3,"['j']",0.651098512311364,3,34.8,0.86
"782",75,1,-0.96,0.6,1,1,-0.36,29.3,"['j']",2.33581777203835,3,34.8,0.86
"792",76,1,-0.96,0.26,1,1,-0.7,29.3,"['j']",0.617908931089914,3,34.8,0.86
"802",77,0,0.2,-0.3,1,1,-0.1,29.2,"['f']",2.46971275317446,3,34.8,0.86
"813",78,1,0.78,-0.1,1,1,0.68,29.88,"['f']",1.03451312623292,3,34.8,0.86
"822",79,1,-0.42,-0.12,1,1,-0.54,29.88,"['j']",0.751273592828511,3,34.8,0.86
"832",80,1,0.06,0.28,1,1,0.34,30.22,"['f']",2.11882760052504,3,34.8,0.86
"842",81,1,-0.24,-0.1,1,1,-0.34,30.22,"['j']",1.16830084162939,3,34.8,0.86
"852",82,1,-0.16,-0.96,1,1,-1.12,30.22,"['j']",1.50204390804356,3,34.8,0.86
"862",83,1,-0.38,0.18,1,1,-0.2,30.22,"['j']",0.767961978053791,3,34.8,0.86
"872",84,0,0.48,-0.52,1,1,-0.04,30.18,"['f']",0.63443927211847,3,34.8,0.86
"882",85,1,-0.14,-0.98,1,1,-1.12,30.18,"['j']",1.30167121218983,3,34.8,0.86
"892",86,1,0.18,0.14,1,1,0.32,30.5,"['f']",4.70544528350729,3,34.8,0.86
"902",87,1,0.1,0.72,1,1,0.82,31.32,"['f']",3.10360247618701,3,34.8,0.86
"913",88,1,0.76,-0.76,1,1,0,31.32,"['f']",0.868109716322579,3,34.8,0.86
"922",89,1,-0.96,0.14,1,1,-0.82,31.32,"['j']",0.534444470151357,3,34.8,0.86
"932",90,0,-0.7,0.9,1,1,0.2,31.12,"['j']",0.517782525781513,3,34.8,0.86
"942",91,1,0.14,0.26,1,1,0.4,31.52,"['f']",2.11934830506652,3,34.8,0.86
"952",92,1,-0.24,0.26,1,1,0.02,31.54,"['f']",4.27103798078315,3,34.8,0.86
"962",93,1,-0.66,0.48,1,1,-0.18,31.54,"['j']",2.61986555426847,3,34.8,0.86
"972",94,1,0.72,0.86,1,1,1.58,33.12,"['f']",0.567675815902476,3,34.8,0.86
"982",95,1,0.34,0.26,1,1,0.6,33.72,"['f']",1.00122769691552,3,34.8,0.86
"992",96,1,-0.82,-0.14,1,1,-0.96,33.72,"['j']",0.567780076997224,3,34.8,0.86
"1002",97,1,-0.16,0.28,1,1,0.12,33.84,"['f']",1.83596064278754,3,34.8,0.86
"1012",98,1,-0.52,0.02,1,1,-0.5,33.84,"['j']",0.834717021269171,3,34.8,0.86
"1022",99,1,0.94,0.02,1,1,0.96,34.8,"['f']",1.25152703442109,3,34.8,0.86
"1032",100,1,-0.48,-0.06,1,1,-0.54,34.8,"['j']",0.617846434526655,3,34.8,0.86
"414",1,1,-0.18,0.34,1,1,0.16,0.16,"['f']",29.7993621899514,4,32.72,0.93
"514",2,1,-0.8,0.16,1,1,-0.64,0.16,"['j']",25.7495114704361,4,32.72,0.93
"614",3,1,0.62,-0.04,1,1,0.58,0.74,"['f']",3.90030625881627,4,32.72,0.93
"714",4,1,-0.3,0.96,1,1,0.66,1.4,"['f']",5.66687401593663,4,32.72,0.93
"814",5,1,-0.38,-0.26,1,1,-0.64,1.4,"['j']",3.86694329534657,4,32.72,0.93
"914",6,1,-0.96,0.64,1,1,-0.32,1.4,"['j']",3.367019356112,4,32.72,0.93
"106",7,1,-0.14,0.78,1,1,0.64,2.04,"['f']",3.20015322102699,4,32.72,0.93
"113",8,1,0.54,0.72,1,1,1.26,3.3,"['f']",4.3665846188087,4,32.72,0.93
"123",9,1,0.7,-0.2,1,1,0.5,3.8,"['f']",7.26670979824848,4,32.72,0.93
"133",10,1,-0.46,0.4,1,1,-0.06,3.8,"['j']",3.66680620296393,4,32.72,0.93
"143",11,1,0.34,0.14,1,1,0.48,4.28,"['f']",1.56700945901684,4,32.72,0.93
"153",12,1,0.84,0.64,1,1,1.48,5.76,"['f']",2.7501657755347,4,32.72,0.93
"163",13,1,0.04,-0.08,1,1,-0.04,5.76,"['j']",4.03349089203402,4,32.72,0.93
"173",14,1,0.02,0.38,1,1,0.4,6.16,"['f']",6.45003509777598,4,32.72,0.93
"183",15,1,0.52,0.52,1,1,1.04,7.2,"['f']",1.20019170967862,4,32.72,0.93
"193",16,1,-0.64,-0.08,1,1,-0.72,7.2,"['j']",1.11680391186383,4,32.72,0.93
"203",17,1,0.14,-0.56,1,1,-0.42,7.2,"['j']",1.41685724607669,4,32.72,0.93
"213",18,1,0.48,0.52,1,1,1,8.2,"['f']",1.05016559234355,4,32.72,0.93
"223",19,1,-0.66,0.16,1,1,-0.5,8.2,"['j']",1.10041769221425,4,32.72,0.93
"233",20,1,-0.98,-0.14,1,1,-1.12,8.2,"['j']",1.28353405406233,4,32.72,0.93
"243",21,1,-0.7,-0.36,1,1,-1.06,8.2,"['j']",1.2501589943422,4,32.72,0.93
"253",22,0,0.52,-0.04,1,1,0.48,7.72,"['j']",3.39995051466394,4,32.72,0.93
"263",23,1,-0.48,0.8,1,1,0.32,8.04,"['f']",5.03339925268665,4,32.72,0.93
"273",24,1,-0.18,-0.56,1,1,-0.74,8.04,"['j']",4.9833799166372,4,32.72,0.93
"283",25,1,0.28,0.6,1,1,0.88,8.92,"['f']",2.25033824099228,4,32.72,0.93
"293",26,1,0.5,0.46,1,1,0.96,9.88,"['f']",3.75009026471525,4,32.72,0.93
"303",27,1,-0.5,0.86,1,1,0.36,10.24,"['f']",5.85002226836514,4,32.72,0.93
"313",28,1,-0.82,-0.08,1,1,-0.9,10.24,"['j']",1.41690343234222,4,32.72,0.93
"323",29,1,0.94,0.68,1,1,1.62,11.86,"['f']",2.13345735205803,4,32.72,0.93
"333",30,1,0.14,0.02,1,1,0.16,12.02,"['f']",5.05025173339527,4,32.72,0.93
"343",31,1,0.76,0.18,1,1,0.94,12.96,"['f']",2.25014799763449,4,32.72,0.93
"353",32,1,-1,-0.4,1,1,-1.4,12.96,"['j']",1.58348658494651,4,32.72,0.93
"363",33,1,-0.16,0,1,1,-0.16,12.96,"['j']",5.20025732333306,4,32.72,0.93
"373",34,1,0.94,-0.16,1,1,0.78,13.74,"['f']",9.31682480568998,4,32.72,0.93
"383",35,1,-0.6,-0.82,1,1,-1.42,13.74,"['j']",1.20035629381891,4,32.72,0.93
"393",36,1,0.56,0.6,1,1,1.16,14.9,"['f']",0.866864118957892,4,32.72,0.93
"403",37,0,-0.34,0.08,1,1,-0.26,14.64,"['f']",4.28342811891343,4,32.72,0.93
"415",38,1,0.34,-0.9,1,1,-0.56,14.64,"['j']",3.41695731610525,4,32.72,0.93
"423",39,1,-0.72,0.94,1,1,0.22,14.86,"['f']",5.11691314610653,4,32.72,0.93
"433",40,1,-0.84,0.08,1,1,-0.76,14.86,"['j']",1.85034960415214,4,32.72,0.93
"443",41,1,-0.8,-0.14,1,1,-0.94,14.86,"['j']",1.01704822247848,4,32.72,0.93
"453",42,1,0.92,-0.6,1,1,0.32,15.18,"['f']",4.16675396834034,4,32.72,0.93
"463",43,1,-0.9,0.5,1,1,-0.4,15.18,"['j']",1.33351600111928,4,32.72,0.93
"473",44,1,0,0.3,1,1,0.3,15.48,"['f']",7.29995729599614,4,32.72,0.93
"483",45,0,0.02,0.46,1,1,0.48,15,"['j']",7.6001759476494,4,32.72,0.93
"493",46,0,0.12,-0.16,1,1,-0.04,14.96,"['f']",8.3164886723971,4,32.72,0.93
"503",47,1,-0.72,-0.62,1,1,-1.34,14.96,"['j']",1.53349400765728,4,32.72,0.93
"515",48,1,-0.36,-0.06,1,1,-0.42,14.96,"['j']",1.50035830994602,4,32.72,0.93
"523",49,1,-0.28,-0.02,1,1,-0.3,14.96,"['j']",6.18337148590945,4,32.72,0.93
"533",50,1,-0.14,0.4,1,1,0.26,15.22,"['f']",3.53362890088465,4,32.72,0.93
"543",51,0,-0.2,0.16,1,1,-0.04,15.18,"['f']",8.81647455994971,4,32.72,0.93
"553",52,1,0.56,-0.14,1,1,0.42,15.6,"['f']",2.30035281158052,4,32.72,0.93
"563",53,1,-0.98,0.36,1,1,-0.62,15.6,"['j']",1.35016211005859,4,32.72,0.93
"573",54,1,0.3,0.96,1,1,1.26,16.86,"['f']",2.03348759294022,4,32.72,0.93
"583",55,1,0.68,0.1,1,1,0.78,17.64,"['f']",0.866837360197678,4,32.72,0.93
"593",56,1,0.28,0.82,1,1,1.1,18.74,"['f']",1.20000403211452,4,32.72,0.93
"603",57,1,-0.72,0.14,1,1,-0.58,18.74,"['j']",1.2167751371162,4,32.72,0.93
"615",58,1,-0.88,0.04,1,1,-0.84,18.74,"['j']",1.76683681050781,4,32.72,0.93
"623",59,1,0.1,0.9,1,1,1,19.74,"['f']",3.26676844747271,4,32.72,0.93
"633",60,1,-0.84,-0.8,1,1,-1.64,19.74,"['j']",1.11686109495349,4,32.72,0.93
"643",61,1,-0.9,-0.8,1,1,-1.7,19.74,"['j']",0.500213153078221,4,32.72,0.93
"653",62,1,-0.18,0.68,1,1,0.5,20.24,"['f']",1.36684707400855,4,32.72,0.93
"663",63,1,0.5,-0.38,1,1,0.12,20.36,"['f']",1.13369011599571,4,32.72,0.93
"673",64,1,-0.42,-0.72,1,1,-1.14,20.36,"['j']",0.966851106262766,4,32.72,0.93
"683",65,1,-0.64,-0.08,1,1,-0.72,20.36,"['j']",0.833443606039509,4,32.72,0.93
"693",66,0,-0.7,0.74,1,1,0.04,20.32,"['j']",2.1167962141335,4,32.72,0.93
"703",67,1,-0.62,0.48,1,1,-0.14,20.32,"['j']",1.41680702765007,4,32.72,0.93
"715",68,1,-0.3,0.7,1,1,0.4,20.72,"['f']",3.70008009276353,4,32.72,0.93
"723",69,1,-0.44,-0.88,1,1,-1.32,20.72,"['j']",1.40019757451955,4,32.72,0.93
"733",70,1,-0.32,-0.04,1,1,-0.36,20.72,"['j']",3.26678860804532,4,32.72,0.93
"743",71,1,0.22,-0.56,1,1,-0.34,20.72,"['j']",3.21662631479558,4,32.72,0.93
"753",72,1,-0.56,-0.04,1,1,-0.6,20.72,"['j']",2.71681930730119,4,32.72,0.93
"763",73,1,0.96,-0.34,1,1,0.62,21.34,"['f']",6.0335616376251,4,32.72,0.93
"773",74,1,0.84,-0.2,1,1,0.64,21.98,"['f']",1.63349162507802,4,32.72,0.93
"783",75,1,-0.6,0.44,1,1,-0.16,21.98,"['j']",3.03357886569574,4,32.72,0.93
"793",76,1,0.96,-0.46,1,1,0.5,22.48,"['f']",7.01669339474756,4,32.72,0.93
"803",77,1,0.44,0.3,1,1,0.74,23.22,"['f']",2.01689170242753,4,32.72,0.93
"815",78,1,0.02,-0.26,1,1,-0.24,23.22,"['j']",2.13368718349375,4,32.72,0.93
"823",79,1,0.58,-0.94,1,1,-0.36,23.22,"['j']",2.60008980659768,4,32.72,0.93
"833",80,1,-0.1,1,1,1,0.9,24.12,"['f']",2.56678915803786,4,32.72,0.93
"843",81,1,0.28,-0.52,1,1,-0.24,24.12,"['j']",6.88338449865114,4,32.72,0.93
"853",82,1,-0.12,-0.66,1,1,-0.78,24.12,"['j']",2.58348878426477,4,32.72,0.93
"863",83,1,-0.78,0.6,1,1,-0.18,24.12,"['j']",4.10007056233007,4,32.72,0.93
"873",84,1,0.52,-0.1,1,1,0.42,24.54,"['f']",2.31682407250628,4,32.72,0.93
"883",85,1,0.46,0.66,1,1,1.12,25.66,"['f']",1.93349364120513,4,32.72,0.93
"893",86,1,0.36,0.54,1,1,0.9,26.56,"['f']",1.11683983448893,4,32.72,0.93
"903",87,1,0.94,-0.26,1,1,0.68,27.24,"['f']",2.96679868840147,4,32.72,0.93
"915",88,1,-0.04,-0.46,1,1,-0.5,27.24,"['j']",1.28353698656429,4,32.72,0.93
"923",89,1,-0.04,-0.12,1,1,-0.16,27.24,"['j']",4.8667739458615,4,32.72,0.93
"933",90,1,0.7,0.66,1,1,1.36,28.6,"['f']",4.58350014756434,4,32.72,0.93
"943",91,1,-0.04,-0.88,1,1,-0.92,28.6,"['j']",0.683363238349557,4,32.72,0.93
"953",92,1,-0.48,0.08,1,1,-0.4,28.6,"['j']",8.39996114489622,4,32.72,0.93
"963",93,0,-0.26,0.18,1,1,-0.08,28.52,"['f']",2.01681435876526,4,32.72,0.93
"973",94,1,0.8,0.16,1,1,0.96,29.48,"['f']",5.04990496998653,4,32.72,0.93
"983",95,1,-0.08,-0.16,1,1,-0.24,29.48,"['j']",6.86669220356271,4,32.72,0.93
"993",96,1,0.66,0,1,1,0.66,30.14,"['f']",1.15036151732784,4,32.72,0.93
"1003",97,1,0.98,0.22,1,1,1.2,31.34,"['f']",0.916868792613968,4,32.72,0.93
"1013",98,1,0.02,-0.06,1,1,-0.04,31.34,"['j']",1.66665848030243,4,32.72,0.93
"1023",99,1,0.7,0.68,1,1,1.38,32.72,"['f']",3.30013837548904,4,32.72,0.93
"1033",100,1,-0.38,-0.34,1,1,-0.72,32.72,"['j']",1.30014350719284,4,32.72,0.93
"416",1,0,-0.18,0.72,1,1,0.54,-0.54,"['j']",17.7848765866102,5,20.6,0.73
"516",2,1,0.48,0.88,1,1,1.36,0.82,"['f']",10.5274160167587,5,20.6,0.73
"616",3,1,-0.06,-0.14,1,1,-0.2,0.82,"['j']",3.6205208036622,5,20.6,0.73
"716",4,1,0.52,0.98,1,1,1.5,2.32,"['f']",4.23786748489556,5,20.6,0.73
"816",5,1,-0.88,0.02,1,1,-0.86,2.32,"['j']",2.51941340631083,5,20.6,0.73
"916",6,0,-0.36,0.52,1,1,0.16,2.16,"['j']",3.52049448284379,5,20.6,0.73
"107",7,1,-0.02,0.88,1,1,0.86,3.02,"['f']",3.27030849441326,5,20.6,0.73
"114",8,1,-0.78,-0.14,1,1,-0.92,3.02,"['j']",2.48611126134438,5,20.6,0.73
"124",9,1,-0.88,0.12,1,1,-0.76,3.02,"['j']",4.15435807850827,5,20.6,0.73
"134",10,0,0.34,-0.8,1,1,-0.46,2.56,"['f']",4.00420682394224,5,20.6,0.73
"144",11,1,0.8,-0.52,1,1,0.28,2.84,"['f']",5.22200889138912,5,20.6,0.73
"154",12,1,-0.14,0.88,1,1,0.74,3.58,"['f']",6.640198920486,5,20.6,0.73
"164",13,0,-0.32,0.68,1,1,0.36,3.22,"['j']",8.90920369308742,5,20.6,0.73
"174",14,1,0.16,0.9,1,1,1.06,4.28,"['f']",3.30370528615776,5,20.6,0.73
"184",15,1,-0.48,0.06,1,1,-0.42,4.28,"['j']",3.20338180450244,5,20.6,0.73
"194",16,1,0.42,-0.24,1,1,0.18,4.46,"['f']",4.27134209732458,5,20.6,0.73
"204",17,0,-0.3,0.84,1,1,0.54,3.92,"['j']",4.03738517693273,5,20.6,0.73
"214",18,1,0.9,0,1,1,0.9,4.82,"['f']",5.15535502457215,5,20.6,0.73
"224",19,0,0.16,-0.98,1,1,-0.82,4,"['f']",7.15734621250658,5,20.6,0.73
"234",20,1,0.62,-0.16,1,1,0.46,4.46,"['f']",2.98655775376437,5,20.6,0.73
"244",21,0,-0.1,0.78,1,1,0.68,3.78,"['j']",3.87083749478688,5,20.6,0.73
"254",22,1,-0.54,-0.18,1,1,-0.72,3.78,"['j']",1.93551489650145,5,20.6,0.73
"264",23,1,0.02,-0.82,1,1,-0.8,3.78,"['j']",11.962106735125,5,20.6,0.73
"274",24,1,-0.98,-0.84,1,1,-1.82,3.78,"['j']",1.48515097212749,5,20.6,0.73
"284",25,1,-0.74,-0.6,1,1,-1.34,3.78,"['j']",1.71853069740564,5,20.6,0.73
"294",26,1,0.82,0.98,1,1,1.8,5.58,"['f']",1.80193283744393,5,20.6,0.73
"304",27,1,0.52,0.8,1,1,1.32,6.9,"['f']",2.18567474439351,5,20.6,0.73
"314",28,1,0.6,0.6,1,1,1.2,8.1,"['f']",2.65277943034062,5,20.6,0.73
"324",29,1,1,-0.4,1,1,0.6,8.7,"['f']",3.97081093359566,5,20.6,0.73
"334",30,1,0.1,-1,1,1,-0.9,8.7,"['j']",25.425393700551,5,20.6,0.73
"344",31,0,-0.4,0.52,1,1,0.12,8.58,"['j']",1.55178260446291,5,20.6,0.73
"354",32,1,-0.96,-0.66,1,1,-1.62,8.58,"['j']",1.55189708199441,5,20.6,0.73
"364",33,1,-0.06,-0.6,1,1,-0.66,8.58,"['j']",5.62222594800005,5,20.6,0.73
"374",34,1,-0.36,-0.84,1,1,-1.2,8.58,"['j']",2.66973502507653,5,20.6,0.73
"384",35,1,-1,-0.2,1,1,-1.2,8.58,"['j']",1.73539645281926,5,20.6,0.73
"394",36,1,0.96,0.84,1,1,1.8,10.38,"['f']",1.71853941091831,5,20.6,0.73
"404",37,1,-0.52,-0.96,1,1,-1.48,10.38,"['j']",2.10244026436203,5,20.6,0.73
"417",38,1,-0.5,-0.26,1,1,-0.76,10.38,"['j']",2.18570539192206,5,20.6,0.73
"424",39,0,0.18,-0.26,1,1,-0.08,10.3,"['f']",9.3762882478145,5,20.6,0.73
"434",40,0,0.24,0.12,1,1,0.36,9.94,"['j']",2.63608494052551,5,20.6,0.73
"444",41,1,-0.26,-0.44,1,1,-0.7,9.94,"['j']",1.45177401113642,5,20.6,0.73
"454",42,1,0.88,0.72,1,1,1.6,11.54,"['f']",2.03538287175752,5,20.6,0.73
"464",43,1,0.3,0.94,1,1,1.24,12.78,"['f']",2.41927380982406,5,20.6,0.73
"474",44,0,0.38,-0.42,1,1,-0.04,12.74,"['f']",3.57062692824047,5,20.6,0.73
"484",45,1,-0.1,-0.26,1,1,-0.36,12.74,"['j']",2.53598710880851,5,20.6,0.73
"494",46,1,-0.52,-0.58,1,1,-1.1,12.74,"['j']",1.91896643314476,5,20.6,0.73
"504",47,0,-0.3,0.8,1,1,0.5,12.24,"['j']",4.65456960654592,5,20.6,0.73
"517",48,1,0.44,0.54,1,1,0.98,13.22,"['f']",3.77078413203208,5,20.6,0.73
"524",49,1,-0.38,0.04,1,1,-0.34,13.22,"['j']",1.83559884669148,5,20.6,0.73
"534",50,1,-0.92,0.1,1,1,-0.82,13.22,"['j']",1.71858297848303,5,20.6,0.73
"544",51,1,0.56,0.92,1,1,1.48,14.7,"['f']",1.65190056739993,5,20.6,0.73
"554",52,1,0.98,0.54,1,1,1.52,16.22,"['f']",2.43594306049818,5,20.6,0.73
"564",53,1,-0.8,-0.32,1,1,-1.12,16.22,"['j']",2.30249470879471,5,20.6,0.73
"574",54,0,-0.62,0.74,1,1,0.12,16.1,"['j']",2.76963244599756,5,20.6,0.73
"584",55,1,-0.5,-0.76,1,1,-1.26,16.1,"['j']",3.01991818912802,5,20.6,0.73
"594",56,1,-0.48,-0.34,1,1,-0.82,16.1,"['j']",2.61951364175547,5,20.6,0.73
"604",57,1,0.72,0.76,1,1,1.48,17.58,"['f']",1.93546291588973,5,20.6,0.73
"617",58,0,-0.22,0.8,1,1,0.58,17,"['j']",3.18677625261262,5,20.6,0.73
"624",59,0,-0.06,-0.82,1,1,-0.88,16.12,"['f']",3.40336143291006,5,20.6,0.73
"634",60,0,-0.2,0.62,1,1,0.42,15.7,"['j']",4.18780144247694,5,20.6,0.73
"644",61,1,-0.98,-0.52,1,1,-1.5,15.7,"['j']",1.91874799438983,5,20.6,0.73
"654",62,1,0.52,0.96,1,1,1.48,17.18,"['f']",1.45091227475541,5,20.6,0.73
"664",63,1,-0.76,-0.06,1,1,-0.82,17.18,"['j']",1.33505229910588,5,20.6,0.73
"674",64,1,0.04,0.76,1,1,0.8,17.98,"['f']",1.93472587288352,5,20.6,0.73
"684",65,1,0.72,0.48,1,1,1.2,19.18,"['f']",1.43509274182361,5,20.6,0.73
"694",66,1,-0.7,-0.32,1,1,-1.02,19.18,"['j']",1.88545726712982,5,20.6,0.73
"704",67,1,0.06,-0.02,1,1,0.04,19.22,"['f']",4.9550508929251,5,20.6,0.73
"717",68,0,-0.44,0.84,1,1,0.4,18.82,"['j']",2.46924280173698,5,20.6,0.73
"724",69,1,0.46,-0.28,1,1,0.18,19,"['f']",2.2691757377338,5,20.6,0.73
"734",70,1,-0.96,0.58,1,1,-0.38,19,"['j']",6.03983397452748,5,20.6,0.73
"744",71,1,-0.78,-0.42,1,1,-1.2,19,"['j']",1.33473530751462,5,20.6,0.73
"754",72,1,0.2,0.74,1,1,0.94,19.94,"['f']",2.48606288632391,5,20.6,0.73
"764",73,0,-0.4,0.84,1,1,0.44,19.5,"['j']",3.30344868822567,5,20.6,0.73
"774",74,1,-0.32,-0.02,1,1,-0.34,19.5,"['j']",2.50282828610625,5,20.6,0.73
"784",75,1,-0.22,0.64,1,1,0.42,19.92,"['f']",4.92194945922165,5,20.6,0.73
"794",76,1,-0.52,0.22,1,1,-0.3,19.92,"['j']",1.31826977276387,5,20.6,0.73
"804",77,1,-0.9,-0.5,1,1,-1.4,19.92,"['j']",1.56861410675674,5,20.6,0.73
"817",78,0,-0.2,0.1,1,1,-0.1,19.82,"['f']",3.92086027010691,5,20.6,0.73
"824",79,1,0.46,0.1,1,1,0.56,20.38,"['f']",1.63532115604858,5,20.6,0.73
"834",80,1,-0.54,0.52,1,1,-0.02,20.38,"['j']",1.71836664299008,5,20.6,0.73
"844",81,1,-0.78,-0.1,1,1,-0.88,20.38,"['j']",1.50186559316217,5,20.6,0.73
"854",82,0,-0.26,-0.84,1,1,-1.1,19.28,"['f']",4.22119282583435,5,20.6,0.73
"864",83,0,-0.14,-0.98,1,1,-1.12,18.16,"['f']",3.40334490728219,5,20.6,0.73
"874",84,0,-0.12,0.4,1,1,0.28,17.88,"['j']",2.31908343459008,5,20.6,0.73
"884",85,1,-0.1,-0.32,1,1,-0.42,17.88,"['j']",3.42031492438491,5,20.6,0.73
"894",86,0,0.2,-0.7,1,1,-0.5,17.38,"['f']",1.70204743516251,5,20.6,0.73
"904",87,1,0.02,0.82,1,1,0.84,18.22,"['f']",2.33591042989474,5,20.6,0.73
"917",88,0,0.7,-0.76,1,1,-0.06,18.16,"['f']",1.38496810854258,5,20.6,0.73
"924",89,0,0.02,-0.3,1,1,-0.28,17.88,"['f']",6.9737999689919,5,20.6,0.73
"934",90,1,0.14,1,1,1,1.14,19.02,"['f']",1.81862372166779,5,20.6,0.73
"944",91,1,-0.96,0.76,1,1,-0.2,19.02,"['j']",1.48503078574231,5,20.6,0.73
"954",92,1,0.94,-0.16,1,1,0.78,19.8,"['f']",2.16888590826647,5,20.6,0.73
"964",93,1,0.68,0.14,1,1,0.82,20.62,"['f']",2.65274487675515,5,20.6,0.73
"974",94,1,-0.66,-0.36,1,1,-1.02,20.62,"['j']",1.40155232734924,5,20.6,0.73
"984",95,1,-0.5,-0.82,1,1,-1.32,20.62,"['j']",2.9198050336463,5,20.6,0.73
"994",96,0,-0.5,0.56,1,1,0.06,20.56,"['j']",2.40254266316197,5,20.6,0.73
"1004",97,1,-0.44,0.28,1,1,-0.16,20.56,"['j']",3.5039412120318,5,20.6,0.73
"1014",98,1,0.5,-0.28,1,1,0.22,20.78,"['f']",1.7187278030774,5,20.6,0.73
"1024",99,1,-0.6,-0.62,1,1,-1.22,20.78,"['j']",2.31930277474294,5,20.6,0.73
"1034",100,0,0.34,-0.52,1,1,-0.18,20.6,"['f']",3.7705584820942,5,20.6,0.73
"418",1,1,0.52,-0.44,1,1,0.08,0.08,"['f']",24.6916299374161,6,27.6,0.87
"518",2,1,-0.74,-0.4,1,1,-1.14,0.08,"['j']",5.42254707748953,6,27.6,0.87
"618",3,1,-0.42,-0.54,1,1,-0.96,0.08,"['j']",2.41940752656956,6,27.6,0.87
"718",4,1,0.94,0.14,1,1,1.08,1.16,"['f']",3.68752739858382,6,27.6,0.87
"818",5,1,0.82,0.42,1,1,1.24,2.4,"['f']",4.48844699945903,6,27.6,0.87
"918",6,1,0.64,-0.96,1,1,-0.32,2.4,"['j']",10.2604370012104,6,27.6,0.87
"108",7,0,-0.16,0.42,1,1,0.26,2.14,"['j']",1.75229997869701,6,27.6,0.87
"115",8,0,-0.42,0.6,1,1,0.18,1.96,"['j']",6.92404323920891,6,27.6,0.87
"125",9,1,0.2,0.4,1,1,0.6,2.56,"['f']",2.40295019835185,6,27.6,0.87
"135",10,1,0.18,0.58,1,1,0.76,3.32,"['f']",2.23629650172461,6,27.6,0.87
"145",11,0,-0.18,0.08,1,1,-0.1,3.22,"['f']",5.10542118627518,6,27.6,0.87
"155",12,1,0.94,0.88,1,1,1.82,5.04,"['f']",1.65238510021845,6,27.6,0.87
"165",13,1,0.8,-0.94,1,1,-0.14,5.04,"['j']",9.69331674370051,6,27.6,0.87
"175",14,1,0.08,-0.36,1,1,-0.28,5.04,"['j']",5.32254566530764,6,27.6,0.87
"185",15,1,0.88,0.7,1,1,1.58,6.62,"['f']",1.68549235423643,6,27.6,0.87
"195",16,1,-0.94,-0.02,1,1,-0.96,6.62,"['j']",1.98561136812486,6,27.6,0.87
"205",17,1,-0.96,0.04,1,1,-0.92,6.62,"['j']",1.45221792191114,6,27.6,0.87
"215",18,1,0.14,-0.54,1,1,-0.4,6.62,"['j']",5.92304659930051,6,27.6,0.87
"225",19,1,-0.08,-0.14,1,1,-0.22,6.62,"['j']",7.62472195789724,6,27.6,0.87
"235",20,1,0.56,-0.68,1,1,-0.12,6.62,"['j']",5.2555451428002,6,27.6,0.87
"245",21,1,0.16,0.82,1,1,0.98,7.6,"['f']",2.01926276289532,6,27.6,0.87
"255",22,1,-0.62,0.92,1,1,0.3,7.9,"['f']",7.14071431769207,6,27.6,0.87
"265",23,1,-0.6,-0.66,1,1,-1.26,7.9,"['j']",1.95256120231352,6,27.6,0.87
"275",24,1,-0.16,-0.8,1,1,-0.96,7.9,"['j']",3.40369925571986,6,27.6,0.87
"285",25,1,0.76,0.82,1,1,1.58,9.48,"['f']",1.76906438137576,6,27.6,0.87
"295",26,1,-0.62,-0.66,1,1,-1.28,9.48,"['j']",2.28616425238624,6,27.6,0.87
"305",27,0,0.34,-0.38,1,1,-0.04,9.44,"['f']",10.9280715633722,6,27.6,0.87
"315",28,1,-0.36,-0.04,1,1,-0.4,9.44,"['j']",1.78580775155706,6,27.6,0.87
"325",29,1,-0.08,-0.16,1,1,-0.24,9.44,"['j']",2.35276455651592,6,27.6,0.87
"335",30,1,-0.02,-0.26,1,1,-0.28,9.44,"['j']",6.24035727602677,6,27.6,0.87
"345",31,1,0.8,0.5,1,1,1.3,10.74,"['f']",1.45172606193819,6,27.6,0.87
"355",32,1,-0.36,-0.96,1,1,-1.32,10.74,"['j']",1.65193800941825,6,27.6,0.87
"365",33,1,0.5,-0.78,1,1,-0.28,10.74,"['j']",6.80736906594393,6,27.6,0.87
"375",34,1,-0.52,0.26,1,1,-0.26,10.74,"['j']",4.90529847667631,6,27.6,0.87
"385",35,0,0.6,-0.76,1,1,-0.16,10.58,"['f']",1.35209812681569,6,27.6,0.87
"395",36,1,0.08,0.8,1,1,0.88,11.46,"['f']",2.05216419890394,6,27.6,0.87
"405",37,1,-0.66,0.02,1,1,-0.64,11.46,"['j']",1.8859527856489,6,27.6,0.87
"419",38,1,-0.86,0.76,1,1,-0.1,11.46,"['j']",3.32056290173932,6,27.6,0.87
"425",39,1,-0.84,0.06,1,1,-0.78,11.46,"['j']",1.6348869638482,6,27.6,0.87
"435",40,1,0.82,-0.04,1,1,0.78,12.24,"['f']",1.55238819500028,6,27.6,0.87
"445",41,1,0.8,0.06,1,1,0.86,13.1,"['f']",1.86892217164723,6,27.6,0.87
"455",42,1,1,-0.14,1,1,0.86,13.96,"['f']",1.81918061596934,6,27.6,0.87
"465",43,1,0.72,0.32,1,1,1.04,15,"['f']",1.51814128009164,6,27.6,0.87
"475",44,1,-0.32,-0.06,1,1,-0.38,15,"['j']",2.10282787935648,6,27.6,0.87
"485",45,1,-0.28,-0.16,1,1,-0.44,15,"['j']",2.0523252477401,6,27.6,0.87
"495",46,1,-0.96,-0.9,1,1,-1.86,15,"['j']",1.11814945271954,6,27.6,0.87
"505",47,1,0.54,-0.46,1,1,0.08,15.08,"['f']",5.43911077005077,6,27.6,0.87
"519",48,0,0.98,-0.6,1,1,0.38,14.7,"['j']",7.84187768521133,6,27.6,0.87
"525",49,1,-0.18,-0.8,1,1,-0.98,14.7,"['j']",2.13555294285197,6,27.6,0.87
"535",50,1,0.54,-0.9,1,1,-0.36,14.7,"['j']",3.75423316566412,6,27.6,0.87
"545",51,1,-0.24,-0.5,1,1,-0.74,14.7,"['j']",1.68539560474892,6,27.6,0.87
"555",52,0,0.14,-0.18,1,1,-0.04,14.66,"['f']",5.88957187750793,6,27.6,0.87
"565",53,1,-0.64,0.22,1,1,-0.42,14.66,"['j']",1.16850936381798,6,27.6,0.87
"575",54,0,0.02,-0.32,1,1,-0.3,14.36,"['f']",10.7277274116236,6,27.6,0.87
"585",55,0,0.92,-0.64,1,1,0.28,14.08,"['j']",5.45612335619762,6,27.6,0.87
"595",56,1,-0.14,0.48,1,1,0.34,14.42,"['f']",7.10777562411658,6,27.6,0.87
"605",57,1,0.8,-0.84,1,1,-0.04,14.42,"['j']",4.07126350924773,6,27.6,0.87
"619",58,0,0.5,-0.66,1,1,-0.16,14.26,"['f']",8.30853141188436,6,27.6,0.87
"625",59,1,-0.66,-0.82,1,1,-1.48,14.26,"['j']",1.41873178247715,6,27.6,0.87
"635",60,1,-0.86,-0.18,1,1,-1.04,14.26,"['j']",1.20156253427194,6,27.6,0.87
"645",61,1,-0.82,-0.04,1,1,-0.86,14.26,"['j']",2.75340959316236,6,27.6,0.87
"655",62,1,0.64,-0.36,1,1,0.28,14.54,"['f']",2.06925520621871,6,27.6,0.87
"665",63,1,0.94,0.9,1,1,1.84,16.38,"['f']",1.71881924761965,6,27.6,0.87
"675",64,1,-0.74,-0.72,1,1,-1.46,16.38,"['j']",1.15176449131559,6,27.6,0.87
"685",65,1,0.52,0.48,1,1,1,17.38,"['f']",1.25191463329975,6,27.6,0.87
"695",66,1,0.48,-0.02,1,1,0.46,17.84,"['f']",1.76877443337708,6,27.6,0.87
"705",67,1,0.54,0.7,1,1,1.24,19.08,"['f']",1.11856769895167,6,27.6,0.87
"719",68,1,0.84,0.94,1,1,1.78,20.86,"['f']",1.96866758829083,6,27.6,0.87
"725",69,1,-0.72,0.28,1,1,-0.44,20.86,"['j']",1.41797401164513,6,27.6,0.87
"735",70,1,0.52,-0.38,1,1,0.14,21,"['f']",3.48724724571912,6,27.6,0.87
"745",71,0,-0.44,0.76,1,1,0.32,20.68,"['j']",3.62091116984857,6,27.6,0.87
"755",72,1,0.24,0.04,1,1,0.28,20.96,"['f']",1.60256662569327,6,27.6,0.87
"765",73,1,-0.76,0.6,1,1,-0.16,20.96,"['j']",3.0371043299001,6,27.6,0.87
"775",74,1,-0.94,0.86,1,1,-0.08,20.96,"['j']",2.6701758887657,6,27.6,0.87
"785",75,1,0.88,0.74,1,1,1.62,22.58,"['f']",1.05177720095298,6,27.6,0.87
"795",76,1,0.54,-0.4,1,1,0.14,22.72,"['f']",2.119219405904,6,27.6,0.87
"805",77,0,-0.3,0.54,1,1,0.24,22.48,"['j']",2.88666548684387,6,27.6,0.87
"819",78,1,0.22,0.1,1,1,0.32,22.8,"['f']",3.68751688233488,6,27.6,0.87
"825",79,1,0.92,-0.94,1,1,-0.02,22.8,"['j']",7.14097091415942,6,27.6,0.87
"835",80,1,0.88,0.5,1,1,1.38,24.18,"['f']",3.77107058115507,6,27.6,0.87
"845",81,1,-0.14,-0.34,1,1,-0.48,24.18,"['j']",2.35282885586548,6,27.6,0.87
"855",82,1,0.5,-0.84,1,1,-0.34,24.18,"['j']",2.21931005596753,6,27.6,0.87
"865",83,1,-0.9,-0.04,1,1,-0.94,24.18,"['j']",1.7350001487298,6,27.6,0.87
"875",84,1,-0.26,-0.48,1,1,-0.74,24.18,"['j']",1.26853932010363,6,27.6,0.87
"885",85,1,0.18,0.38,1,1,0.56,24.74,"['f']",2.28590555266919,6,27.6,0.87
"895",86,0,0.52,-0.64,1,1,-0.12,24.62,"['f']",3.57088357220709,6,27.6,0.87
"905",87,1,-0.62,-0.86,1,1,-1.48,24.62,"['j']",4.08760485826633,6,27.6,0.87
"919",88,1,0.94,-0.28,1,1,0.66,25.28,"['f']",2.05199113149683,6,27.6,0.87
"925",89,1,-0.38,-0.36,1,1,-0.74,25.28,"['j']",1.90262915230323,6,27.6,0.87
"935",90,1,0.56,0.02,1,1,0.58,25.86,"['f']",1.31857743399314,6,27.6,0.87
"945",91,1,-0.82,-0.96,1,1,-1.78,25.86,"['j']",2.80334314549418,6,27.6,0.87
"955",92,1,-0.5,-0.76,1,1,-1.26,25.86,"['j']",1.51877405779669,6,27.6,0.87
"965",93,1,0.6,0.18,1,1,0.78,26.64,"['f']",1.40204219539601,6,27.6,0.87
"975",94,1,0.64,0.32,1,1,0.96,27.6,"['f']",1.3184773793987,6,27.6,0.87
"985",95,1,-0.66,-0.92,1,1,-1.58,27.6,"['j']",1.05162576697239,6,27.6,0.87
"995",96,1,-0.68,0.5,1,1,-0.18,27.6,"['j']",2.31941873388587,6,27.6,0.87
"1005",97,1,-0.96,0.46,1,1,-0.5,27.6,"['j']",1.41869031841088,6,27.6,0.87
"1015",98,1,-0.5,-0.64,1,1,-1.14,27.6,"['j']",1.15176629410098,6,27.6,0.87
"1025",99,1,-0.58,-0.3,1,1,-0.88,27.6,"['j']",0.917827835789012,6,27.6,0.87
"1035",100,1,-0.9,0,1,1,-0.9,27.6,"['j']",0.901631911466211,6,27.6,0.87
"420",1,1,0.02,-0.5,1,1,-0.48,0,"['j']",11.5668215366404,7,25.52,0.82
"520",2,1,-0.5,0.12,1,1,-0.38,0,"['j']",3.5835390629727,7,25.52,0.82
"620",3,1,-0.68,-0.64,1,1,-1.32,0,"['j']",4.93370172226332,7,25.52,0.82
"720",4,0,-0.36,0.16,1,1,-0.2,-0.2,"['f']",5.61681942894211,7,25.52,0.82
"820",5,0,-0.84,0.68,1,1,-0.16,-0.36,"['f']",10.8835194522189,7,25.52,0.82
"920",6,0,-0.08,-0.34,1,1,-0.42,-0.78,"['f']",4.583734070844,7,25.52,0.82
"109",7,1,0.58,-0.8,1,1,-0.22,-0.78,"['j']",4.78336494880114,7,25.52,0.82
"116",8,1,-0.7,-0.62,1,1,-1.32,-0.78,"['j']",4.1168474704873,7,25.52,0.82
"126",9,1,0.94,0.78,1,1,1.72,0.94,"['f']",4.91685553472325,7,25.52,0.82
"136",10,1,0.36,-0.56,1,1,-0.2,0.94,"['j']",3.75018281988014,7,25.52,0.82
"146",11,1,-0.2,0.6,1,1,0.4,1.34,"['f']",3.46688256823927,7,25.52,0.82
"156",12,1,-0.3,-0.88,1,1,-1.18,1.34,"['j']",2.21684692065355,7,25.52,0.82
"166",13,1,-0.9,0.52,1,1,-0.38,1.34,"['j']",5.21671935911309,7,25.52,0.82
"176",14,1,0.6,-0.22,1,1,0.38,1.72,"['f']",1.96686075814796,7,25.52,0.82
"186",15,1,-0.94,0.16,1,1,-0.78,1.72,"['j']",4.13355400013552,7,25.52,0.82
"196",16,1,-0.74,0.92,1,1,0.18,1.9,"['f']",2.96703193987014,7,25.52,0.82
"206",17,1,0.96,0,1,1,0.96,2.86,"['f']",4.85019949818525,7,25.52,0.82
"216",18,0,0.06,-0.2,1,1,-0.14,2.72,"['f']",4.1501732894194,7,25.52,0.82
"226",19,1,-0.54,-0.68,1,1,-1.22,2.72,"['j']",2.21703239806538,7,25.52,0.82
"236",20,1,0.82,0.9,1,1,1.72,4.44,"['f']",1.23351752779854,7,25.52,0.82
"246",21,1,0.58,-0.42,1,1,0.16,4.6,"['f']",3.75023597052223,7,25.52,0.82
"256",22,1,-0.92,0.44,1,1,-0.48,4.6,"['j']",1.58358561560271,7,25.52,0.82
"266",23,1,-0.42,0.84,1,1,0.42,5.02,"['f']",1.86684078083726,7,25.52,0.82
"276",24,1,-0.68,-0.28,1,1,-0.96,5.02,"['j']",7.0003658230371,7,25.52,0.82
"286",25,0,0.5,-0.68,1,1,-0.18,4.84,"['f']",4.06682538548012,7,25.52,0.82
"296",26,1,-1,-0.42,1,1,-1.42,4.84,"['j']",15.4502856388799,7,25.52,0.82
"306",27,1,0.9,0.24,1,1,1.14,5.98,"['f']",8.08352751645361,7,25.52,0.82
"316",28,1,0.12,-0.76,1,1,-0.64,5.98,"['j']",2.68371336042219,7,25.52,0.82
"326",29,1,0.18,-0.82,1,1,-0.64,5.98,"['j']",1.78349874179639,7,25.52,0.82
"336",30,1,0.88,-0.58,1,1,0.3,6.28,"['f']",2.23351019667643,7,25.52,0.82
"346",31,0,0.64,-0.7,1,1,-0.06,6.22,"['f']",4.13361081633866,7,25.52,0.82
"356",32,1,-0.9,-0.28,1,1,-1.18,6.22,"['j']",1.66688623380014,7,25.52,0.82
"366",33,1,-0.08,0.98,1,1,0.9,7.12,"['f']",2.00020930356186,7,25.52,0.82
"376",34,1,0.52,-0.48,1,1,0.04,7.16,"['f']",7.50003500611274,7,25.52,0.82
"386",35,1,-0.84,0.4,1,1,-0.44,7.16,"['j']",3.33371271894885,7,25.52,0.82
"396",36,1,-0.7,0.1,1,1,-0.6,7.16,"['j']",5.93355839880951,7,25.52,0.82
"406",37,1,-0.68,0.86,1,1,0.18,7.34,"['f']",15.9503503360411,7,25.52,0.82
"4110",38,1,0.04,-0.24,1,1,-0.2,7.34,"['j']",3.10017649678593,7,25.52,0.82
"426",39,1,-0.48,0.5,1,1,0.02,7.36,"['f']",6.26678689708388,7,25.52,0.82
"436",40,0,0.06,-0.24,1,1,-0.18,7.18,"['f']",4.63371656778781,7,25.52,0.82
"446",41,1,0.58,-0.2,1,1,0.38,7.56,"['f']",2.93369365802937,7,25.52,0.82
"456",42,1,-0.28,0.88,1,1,0.6,8.16,"['f']",1.48373425412228,7,25.52,0.82
"466",43,1,0.42,-0.32,1,1,0.1,8.26,"['f']",2.48336586519235,7,25.52,0.82
"476",44,0,0.2,-0.32,1,1,-0.12,8.14,"['f']",2.73358625707715,7,25.52,0.82
"486",45,0,-0.82,0.58,1,1,-0.24,7.9,"['f']",2.06686973877368,7,25.52,0.82
"496",46,1,-1,-0.7,1,1,-1.7,7.9,"['j']",1.51688192676556,7,25.52,0.82
"506",47,1,0.94,0.82,1,1,1.76,9.66,"['f']",1.15021434370919,7,25.52,0.82
"5110",48,1,0.72,-0.2,1,1,0.52,10.18,"['f']",1.76685745914256,7,25.52,0.82
"526",49,1,0.44,-0.9,1,1,-0.46,10.18,"['j']",2.1003901990216,7,25.52,0.82
"536",50,1,0.12,0.5,1,1,0.62,10.8,"['f']",2.31687019696892,7,25.52,0.82
"546",51,1,0.16,0.64,1,1,0.8,11.6,"['f']",2.00019280853485,7,25.52,0.82
"556",52,1,-0.6,-0.78,1,1,-1.38,11.6,"['j']",2.10036930532078,7,25.52,0.82
"566",53,1,-0.4,0.88,1,1,0.48,12.08,"['f']",2.16705173390255,7,25.52,0.82
"576",54,1,0.22,0.08,1,1,0.3,12.38,"['f']",6.90037883578134,7,25.52,0.82
"586",55,0,-0.36,0.6,1,1,0.24,12.14,"['j']",2.16670753767721,7,25.52,0.82
"596",56,0,-0.86,0.98,1,1,0.12,12.02,"['j']",3.63351386223712,7,25.52,0.82
"606",57,1,0.84,-0.42,1,1,0.42,12.44,"['f']",3.10019115903197,7,25.52,0.82
"6110",58,0,0.28,-0.46,1,1,-0.18,12.26,"['f']",6.93353860477782,7,25.52,0.82
"626",59,1,0.82,-0.88,1,1,-0.06,12.26,"['j']",3.65021122798134,7,25.52,0.82
"636",60,1,0.56,-0.06,1,1,0.5,12.76,"['f']",3.48358763166289,7,25.52,0.82
"646",61,1,-0.3,-0.64,1,1,-0.94,12.76,"['j']",1.65038277625899,7,25.52,0.82
"656",62,1,-0.94,0.12,1,1,-0.82,12.76,"['j']",1.4335244923659,7,25.52,0.82
"666",63,1,-0.06,-0.34,1,1,-0.4,12.76,"['j']",2.91667665532168,7,25.52,0.82
"676",64,1,-0.26,0.04,1,1,-0.22,12.76,"['j']",3.86686057487077,7,25.52,0.82
"686",65,1,0.6,0.5,1,1,1.1,13.86,"['f']",1.816856084557,7,25.52,0.82
"696",66,1,-0.12,-0.94,1,1,-1.06,13.86,"['j']",1.81707125301728,7,25.52,0.82
"706",67,0,0.42,-0.98,1,1,-0.56,13.3,"['f']",4.31708206642361,7,25.52,0.82
"7110",68,1,-0.26,-0.58,1,1,-0.84,13.3,"['j']",10.2003702217116,7,25.52,0.82
"726",69,1,0.48,0.98,1,1,1.46,14.76,"['f']",5.80019720720793,7,25.52,0.82
"736",70,1,-0.04,0.92,1,1,0.88,15.64,"['f']",2.26706511320117,7,25.52,0.82
"746",71,1,0.2,-0.7,1,1,-0.5,15.64,"['j']",2.50018786002693,7,25.52,0.82
"756",72,1,0.32,0.8,1,1,1.12,16.76,"['f']",0.933514778627796,7,25.52,0.82
"766",73,1,0.32,0.5,1,1,0.82,17.58,"['f']",1.60038635018191,7,25.52,0.82
"776",74,1,0.9,0.84,1,1,1.74,19.32,"['f']",3.08350992175838,7,25.52,0.82
"786",75,1,-0.8,0.74,1,1,-0.06,19.32,"['j']",7.05015991012078,7,25.52,0.82
"796",76,1,0.96,-0.56,1,1,0.4,19.72,"['f']",3.78353869641705,7,25.52,0.82
"806",77,0,-0.18,0.16,1,1,-0.02,19.7,"['f']",8.38370621257673,7,25.52,0.82
"8110",78,1,0,0.16,1,1,0.16,19.86,"['f']",7.95018391954818,7,25.52,0.82
"826",79,1,-0.28,-0.96,1,1,-1.24,19.86,"['j']",3.66686937221766,7,25.52,0.82
"836",80,1,0.44,-0.94,1,1,-0.5,19.86,"['j']",2.98371977515399,7,25.52,0.82
"846",81,1,-0.16,0.78,1,1,0.62,20.48,"['f']",1.53372774775107,7,25.52,0.82
"856",82,1,-0.84,-0.7,1,1,-1.54,20.48,"['j']",1.51705274193137,7,25.52,0.82
"866",83,1,-0.32,0.92,1,1,0.6,21.08,"['f']",4.45038167659095,7,25.52,0.82
"876",84,0,0.3,0.12,1,1,0.42,20.66,"['j']",5.61690080440803,7,25.52,0.82
"886",85,1,0.28,0.58,1,1,0.86,21.52,"['f']",4.76686185781637,7,25.52,0.82
"896",86,0,0.16,-0.74,1,1,-0.58,20.94,"['f']",6.80018511085564,7,25.52,0.82
"906",87,1,0.18,0.46,1,1,0.64,21.58,"['f']",3.06698886952199,7,25.52,0.82
"9110",88,1,0.04,0.9,1,1,0.94,22.52,"['f']",1.56684316345309,7,25.52,0.82
"926",89,0,0.64,-0.3,1,1,0.34,22.18,"['j']",4.98353283151846,7,25.52,0.82
"936",90,1,-0.62,-0.28,1,1,-0.9,22.18,"['j']",2.13354886834986,7,25.52,0.82
"946",91,1,0,0.78,1,1,0.78,22.96,"['f']",3.03351349568038,7,25.52,0.82
"956",92,1,0.82,-0.06,1,1,0.76,23.72,"['f']",10.1668658899334,7,25.52,0.82
"966",93,1,0.54,0.26,1,1,0.8,24.52,"['f']",30.0670225926888,7,25.52,0.82
"976",94,1,-0.16,-0.7,1,1,-0.86,24.52,"['j']",2.55038552543101,7,25.52,0.82
"986",95,1,0.02,-0.68,1,1,-0.66,24.52,"['j']",15.0335380549432,7,25.52,0.82
"996",96,1,-0.22,0.54,1,1,0.32,24.84,"['f']",3.6003955140859,7,25.52,0.82
"1006",97,1,0.6,-0.2,1,1,0.4,25.24,"['f']",4.45040476962822,7,25.52,0.82
"1016",98,0,-0.06,0.12,1,1,0.06,25.18,"['j']",2.56704770178476,7,25.52,0.82
"1026",99,1,0.08,0.26,1,1,0.34,25.52,"['f']",7.68352495056024,7,25.52,0.82
"1036",100,1,-0.76,-0.92,1,1,-1.68,25.52,"['j']",1.26671028684814,7,25.52,0.82
"427",1,1,0.26,0.54,1,1,0.8,0.8,"['f']",13.2003207354574,8,27.04,0.76
"527",2,1,0.76,0.92,1,1,1.68,2.48,"['f']",5.13348789722659,8,27.04,0.76
"627",3,0,0.64,-0.88,1,1,-0.24,2.24,"['f']",15.8334503254155,8,27.04,0.76
"727",4,0,-0.22,0.56,1,1,0.34,1.9,"['j']",17.433450691984,8,27.04,0.76
"827",5,0,-0.1,0.34,1,1,0.24,1.66,"['j']",27.2833780224901,8,27.04,0.76
"927",6,0,0.72,-0.4,1,1,0.32,1.34,"['j']",5.250384057872,8,27.04,0.76
"1010",7,0,0.52,-0.16,1,1,0.36,0.98,"['j']",4.05018171959091,8,27.04,0.76
"117",8,1,0.68,0.3,1,1,0.98,1.96,"['f']",3.95037617685739,8,27.04,0.76
"127",9,1,0.5,-0.62,1,1,-0.12,1.96,"['j']",5.96712589869276,8,27.04,0.76
"137",10,0,0.38,-0.22,1,1,0.16,1.8,"['j']",9.78366925020237,8,27.04,0.76
"147",11,0,-0.02,0.12,1,1,0.1,1.7,"['j']",2.56686747760978,8,27.04,0.76
"157",12,1,0.92,0.32,1,1,1.24,2.94,"['f']",2.91686500329524,8,27.04,0.76
"167",13,0,-0.36,0.78,1,1,0.42,2.52,"['j']",3.5669946721755,8,27.04,0.76
"177",14,1,-0.1,-0.36,1,1,-0.46,2.52,"['j']",1.98375355789904,8,27.04,0.76
"187",15,1,0.94,0.46,1,1,1.4,3.92,"['f']",1.43338361242786,8,27.04,0.76
"197",16,1,-0.72,-0.54,1,1,-1.26,3.92,"['j']",1.38352189527359,8,27.04,0.76
"207",17,0,0.48,-0.32,1,1,0.16,3.76,"['j']",2.56704085797537,8,27.04,0.76
"217",18,0,0.8,-0.58,1,1,0.22,3.54,"['j']",2.15018190280534,8,27.04,0.76
"227",19,1,0.74,0.54,1,1,1.28,4.82,"['f']",1.73358320153784,8,27.04,0.76
"237",20,0,0.52,-0.18,1,1,0.34,4.48,"['j']",8.66680204763543,8,27.04,0.76
"247",21,1,-0.18,-0.02,1,1,-0.2,4.48,"['j']",3.40019024198409,8,27.04,0.76
"257",22,1,0.02,0.92,1,1,0.94,5.42,"['f']",7.68350265105255,8,27.04,0.76
"267",23,1,0.32,0.16,1,1,0.48,5.9,"['f']",2.93370636389591,8,27.04,0.76
"277",24,1,0.08,-0.84,1,1,-0.76,5.9,"['j']",3.91692731773946,8,27.04,0.76
"287",25,1,0.98,0.44,1,1,1.42,7.32,"['f']",6.31701162538957,8,27.04,0.76
"297",26,1,-0.78,-1,1,1,-1.78,7.32,"['j']",1.73375438258518,8,27.04,0.76
"307",27,1,0.54,0.28,1,1,0.82,8.14,"['f']",28.6833644598955,8,27.04,0.76
"317",28,1,-0.14,-0.78,1,1,-0.92,8.14,"['j']",1.700407792232,8,27.04,0.76
"327",29,0,0.52,-0.46,1,1,0.06,8.08,"['j']",3.23352326976601,8,27.04,0.76
"337",30,0,-0.16,1,1,1,0.84,7.24,"['j']",2.03350200958084,8,27.04,0.76
"347",31,1,-0.8,0.74,1,1,-0.06,7.24,"['j']",3.70013910753187,8,27.04,0.76
"357",32,1,-0.9,-0.34,1,1,-1.24,7.24,"['j']",1.58350466715638,8,27.04,0.76
"367",33,1,0.82,0.96,1,1,1.78,9.02,"['f']",5.08350558357779,8,27.04,0.76
"377",34,1,-0.14,0.4,1,1,0.26,9.28,"['f']",8.76679893187247,8,27.04,0.76
"387",35,1,1,0.7,1,1,1.7,10.98,"['f']",1.86677052383311,8,27.04,0.76
"397",36,1,-0.02,-0.56,1,1,-0.58,10.98,"['j']",3.0170411329018,8,27.04,0.76
"407",37,1,-0.72,-0.24,1,1,-0.96,10.98,"['j']",3.9003872651374,8,27.04,0.76
"4111",38,1,-0.7,0.2,1,1,-0.5,10.98,"['j']",1.86681890906766,8,27.04,0.76
"428",39,1,-0.68,0.14,1,1,-0.54,10.98,"['j']",4.33369426766876,8,27.04,0.76
"437",40,1,0.9,0.66,1,1,1.56,12.54,"['f']",1.5837161692325,8,27.04,0.76
"447",41,1,0.4,0.08,1,1,0.48,13.02,"['f']",7.51699586340692,8,27.04,0.76
"457",42,0,-0.52,0.74,1,1,0.22,12.8,"['j']",1.75018226937391,8,27.04,0.76
"467",43,1,-0.52,0.3,1,1,-0.22,12.8,"['j']",2.48372808238491,8,27.04,0.76
"477",44,0,-0.08,-0.42,1,1,-0.5,12.3,"['f']",1.70018419378903,8,27.04,0.76
"487",45,1,-0.56,0.46,1,1,-0.1,12.3,"['j']",4.40015578572638,8,27.04,0.76
"497",46,1,0.8,0.38,1,1,1.18,13.48,"['f']",6.18349586986005,8,27.04,0.76
"507",47,1,-0.92,-0.74,1,1,-1.66,13.48,"['j']",1.26683503750246,8,27.04,0.76
"5111",48,1,0,-0.74,1,1,-0.74,13.48,"['j']",2.96702216367703,8,27.04,0.76
"528",49,1,-0.68,-0.82,1,1,-1.5,13.48,"['j']",1.55019729805645,8,27.04,0.76
"537",50,1,0.26,0.48,1,1,0.74,14.22,"['f']",3.83363946771715,8,27.04,0.76
"547",51,1,0.48,0.64,1,1,1.12,15.34,"['f']",1.65019601525273,8,27.04,0.76
"557",52,1,0.6,0.76,1,1,1.36,16.7,"['f']",6.85032870806754,8,27.04,0.76
"567",53,1,-0.38,0.26,1,1,-0.12,16.7,"['j']",1.8670480059227,8,27.04,0.76
"577",54,1,-0.36,-0.9,1,1,-1.26,16.7,"['j']",0.800395879196003,8,27.04,0.76
"587",55,1,0.92,0.36,1,1,1.28,17.98,"['f']",2.05035766586661,8,27.04,0.76
"597",56,0,1,-0.78,1,1,0.22,17.76,"['j']",2.58370810502674,8,27.04,0.76
"607",57,0,0.46,-0.26,1,1,0.2,17.56,"['j']",3.73353408311959,8,27.04,0.76
"6111",58,0,0.82,-0.36,1,1,0.46,17.1,"['j']",1.95002208487131,8,27.04,0.76
"628",59,1,0.56,-0.72,1,1,-0.16,17.1,"['j']",2.3170438822126,8,27.04,0.76
"637",60,1,0.4,-0.76,1,1,-0.36,17.1,"['j']",2.11685180745553,8,27.04,0.76
"647",61,1,-0.42,-0.22,1,1,-0.64,17.1,"['j']",1.25018355227076,8,27.04,0.76
"657",62,1,0.06,-0.34,1,1,-0.28,17.1,"['j']",1.30037736822851,8,27.04,0.76
"667",63,0,0.6,-0.36,1,1,0.24,16.86,"['j']",2.13371442817152,8,27.04,0.76
"677",64,1,0.28,-0.86,1,1,-0.58,16.86,"['j']",3.70015816844534,8,27.04,0.76
"687",65,1,-0.86,0.4,1,1,-0.46,16.86,"['j']",2.75023102120031,8,27.04,0.76
"697",66,1,0.66,-0.1,1,1,0.56,17.42,"['f']",2.53350145975128,8,27.04,0.76
"707",67,1,0.78,0.3,1,1,1.08,18.5,"['f']",1.55018373567145,8,27.04,0.76
"7111",68,1,-0.76,0.6,1,1,-0.16,18.5,"['j']",1.41700740996748,8,27.04,0.76
"728",69,1,-0.88,0.24,1,1,-0.64,18.5,"['j']",1.66687939059921,8,27.04,0.76
"737",70,1,-0.08,0,1,1,-0.08,18.5,"['j']",2.21682706486899,8,27.04,0.76
"747",71,1,0.64,0.86,1,1,1.5,20,"['f']",1.7836846455466,8,27.04,0.76
"757",72,1,0.12,0.88,1,1,1,21,"['f']",1.46682294120546,8,27.04,0.76
"767",73,1,0.52,-0.78,1,1,-0.26,21,"['j']",1.41689634381328,8,27.04,0.76
"777",74,1,-0.02,0.34,1,1,0.32,21.32,"['f']",2.45039248850662,8,27.04,0.76
"787",75,0,0.46,-0.38,1,1,0.08,21.24,"['j']",3.00019647332374,8,27.04,0.76
"797",76,1,-0.16,0.74,1,1,0.58,21.82,"['f']",1.48352684371639,8,27.04,0.76
"807",77,1,-0.38,-0.02,1,1,-0.4,21.82,"['j']",2.20021773362532,8,27.04,0.76
"8111",78,1,0.18,-0.9,1,1,-0.72,21.82,"['j']",2.23352876817808,8,27.04,0.76
"828",79,1,0.26,0.18,1,1,0.44,22.26,"['f']",3.03351447253954,8,27.04,0.76
"837",80,0,0.36,-0.08,1,1,0.28,21.98,"['j']",2.73352308652829,8,27.04,0.76
"847",81,1,-0.1,-0.98,1,1,-1.08,21.98,"['j']",1.65038662368897,8,27.04,0.76
"857",82,1,0.66,0.84,1,1,1.5,23.48,"['f']",1.58354058954865,8,27.04,0.76
"867",83,0,-0.14,0.68,1,1,0.54,22.94,"['j']",2.53352675202768,8,27.04,0.76
"877",84,1,0.04,0.94,1,1,0.98,23.92,"['f']",1.55013315100223,8,27.04,0.76
"887",85,0,-0.76,0.98,1,1,0.22,23.7,"['j']",1.55040403502062,8,27.04,0.76
"897",86,1,-0.92,-0.86,1,1,-1.78,23.7,"['j']",0.733535182778724,8,27.04,0.76
"907",87,1,-0.44,0.04,1,1,-0.4,23.7,"['j']",4.01701657369267,8,27.04,0.76
"9111",88,1,-0.54,0.1,1,1,-0.44,23.7,"['j']",0.816853456897661,8,27.04,0.76
"928",89,1,0.42,0.3,1,1,0.72,24.42,"['f']",2.41670500219334,8,27.04,0.76
"937",90,0,0.56,-0.34,1,1,0.22,24.2,"['j']",1.30037077015731,8,27.04,0.76
"947",91,1,0.86,0.4,1,1,1.26,25.46,"['f']",1.51686830236576,8,27.04,0.76
"957",92,1,-0.96,-0.74,1,1,-1.7,25.46,"['j']",0.800182177801616,8,27.04,0.76
"967",93,1,0.44,-0.64,1,1,-0.2,25.46,"['j']",2.16670326108579,8,27.04,0.76
"977",94,1,-1,0.98,1,1,-0.02,25.46,"['j']",1.16705698648002,8,27.04,0.76
"987",95,1,-1,-0.2,1,1,-1.2,25.46,"['j']",0.733365467982367,8,27.04,0.76
"997",96,1,-0.86,-0.02,1,1,-0.88,25.46,"['j']",1.10038836486638,8,27.04,0.76
"1007",97,1,0.06,-0.48,1,1,-0.42,25.46,"['j']",3.2837064556079,8,27.04,0.76
"1017",98,1,-0.36,0.92,1,1,0.56,26.02,"['f']",2.70016953151207,8,27.04,0.76
"1027",99,1,0.88,0.14,1,1,1.02,27.04,"['f']",1.31686756922863,8,27.04,0.76
"1037",100,1,-0.34,0.02,1,1,-0.32,27.04,"['j']",4.70035207585897,8,27.04,0.76
